year,aa1,aa2,bb1,bb2,cc1,cc2,dd1,dd2,ee1,ee2,ff1,ff2,gg1,gg2,hh1,hh2,ii1,ii2,jj1,jj2,kk1,kk2,ll1,ll2,mm1,mm2
2010,-1.11,-0.6689,-0.62,-0.38205,0.77,0.5502,-0.4,-0.19565,0.02,-0.0004,1.3,0.07592,-0.73,-0.8335,-1.7,0.390225,0.4,-0.66025,0.06,-0.38905,0.07,0.15576,3.7,0.622,-0.08,-0.076115
2011,0.44,0.31775,0.58,-0.07375,-0.03,-0.0056,0.11,0.0662175,-0.02,-0.0099131,-0.26,-0.125925,0.47,-0.0283,0.77,0.670065,0.07,-0.0269,-0.3,-0.0707332,-0.05,-0.0757425,5.5,0.0217625,0.07,0.0268825
2012,-0.99,-0.820103,-0.13,-0.405133,1.17,0.41817,-0.23,-0.1774,0.03,0.00571533,-0.87,0.0293233,-0.82,-0.771867,-0.55,-1.104,0.43,0.0826,0.36,-0.137807,0.42,0.0520667,-1.86,1.35438,-0.08,-0.0461133
2013,-1.37,-1.1308,-1.1,-0.280673,-0.35,0.0587333,-0.31,-0.188983,0.02,0.009249,0.84,0.0049,-1.07,-0.602467,-3.563,-1.91733,0.76,0.214033,0.52,0.483683,0.35,0.112513,3.75,1.36253,-0.3,-0.0915967
2014,-0.72,-0.39275,-0.74,-0.3165,-0.37,0.3118,-0.14,-0.11708,0.007,0.0003925,0.21,0.06248,-0.92,-0.45725,-0.95,-0.042,-0.38,-0.39815,0.05,0.17816,0.16,-0.005887,2.1,0.64205,-0.2,-0.06597
2015,-0.55,-0.537433,-0.83,-0.310667,-0.51,-0.450833,-0.23,-0.11242,0.03,0.009967,-0.4,0.127963,-0.89,-0.588433,-1.25,-1.15073,-0.076,-0.03885,0.1,0.246,-0.14,0.07232,0.86,1.151,-0.12,-0.0364767
2016,-0.83,-0.70915,-0.79,0.92145,0.37,0.4112,-0.32,-0.2032,-0.005,0.0086765,0.58,-0.09799,-1.09,-0.606,-2.5,0.1805,1.63,0.34415,-0.13,-0.12285,-0.14,-0.11228,-1.4,0.04125,-0.22,-0.079125
2017,0.3,-0.682,0.186,0.1158,-0.2,0.04127,0.083,-0.114825,-0.003,-0.0105529,-0.45,0.16195,-0.3,-0.44064,0.25,-0.7064,0.65,-0.11165,-0.17,-0.0484,-0.14,0.111875,0.2,1.2165,-0.2,-0.08121
2018,-0.76,-0.62085,-0.8,0.2646,0.14,-0.4863,-0.22,-0.1584,0.015,0.006751,-0.08,0.129915,-1.8,-1.131,-1.09,-0.13149,0.8,-0.28515,0.002,0.105,0.25,0.19715,5.54,0.82045,-0.12,-0.064625
2019,-1.12,-0.892967,-1.17,-0.407067,1.34,1.05217,-0.38,-0.2489,0.05,0.0146745,0.41,0.09766,-0.83,-0.534333,-0.7,-0.421963,-0.25,-0.207293,0.15,-0.04089,0.045,0.138567,0.26,0.5558,-0.08,-0.03411
